{
    "auxiliary_fan": "0",
    "bed_custom_model": "",
    "bed_custom_texture": "",
    "bed_exclude_area": [
        "0x0"
    ],
    "before_layer_change_gcode": "",
    "change_filament_gcode": "",
    "cooling_tube_length": "5",
    "cooling_tube_retraction": "91.5",
    "default_filament_profile": [],
    "default_print_profile": "",
    "deretraction_speed": [
        "45"
    ],
    "enable_filament_ramming": "1",
    "extra_loading_move": "-2",
    "extruder_clearance_height_to_lid": "140",
    "extruder_clearance_height_to_rod": "36",
    "extruder_clearance_radius": "65",
    "extruder_colour": [
        "#FCE94F"
    ],
    "extruder_offset": [
        "0x0"
    ],
    "fan_kickstart": "0",
    "fan_speedup_overhangs": "1",
    "fan_speedup_time": "0",
    "from": "",
    "gcode_flavor": "reprapfirmware",
    "high_current_on_filament_swap": "0",
    "host_type": "duet",
    "inherits": "MyMarlin 0.4 nozzle",
    "layer_change_gcode": "",
    "machine_end_gcode": "M104 S0 ; turn off extruder\nM140 S0 ; turn off bed\nM106 P0 S0 ; turn off material fan\nG28 ; home all axes\nM84 ; disable steppers\nM0 ; stop",
    "machine_load_filament_time": "0",
    "machine_max_acceleration_e": [
        "5000"
    ],
    "machine_max_acceleration_extruding": [
        "10000"
    ],
    "machine_max_acceleration_retracting": [
        "1000"
    ],
    "machine_max_acceleration_travel": [
        "1500",
        "1250"
    ],
    "machine_max_acceleration_x": [
        "10000"
    ],
    "machine_max_acceleration_y": [
        "10000"
    ],
    "machine_max_acceleration_z": [
        "10000"
    ],
    "machine_max_jerk_e": [
        "5"
    ],
    "machine_max_jerk_x": [
        "8"
    ],
    "machine_max_jerk_y": [
        "8"
    ],
    "machine_max_jerk_z": [
        "0.4"
    ],
    "machine_max_speed_e": [
        "60"
    ],
    "machine_max_speed_x": [
        "600"
    ],
    "machine_max_speed_y": [
        "600"
    ],
    "machine_max_speed_z": [
        "600"
    ],
    "machine_min_extruding_rate": [
        "0"
    ],
    "machine_min_travel_rate": [
        "0"
    ],
    "machine_pause_gcode": "",
    "machine_start_gcode": "T0 ; Tool 0\nG90 ; use absolute coordinates\nM83 ; extruder relative mode\nM204 S[machine_max_acceleration_extruding] T[machine_max_acceleration_retracting]\nM104 S[first_layer_temperature] ; set extruder temp\nM140 S[first_layer_bed_temperature] ; set bed temp\nG28 ; home all\n\nM190 S[first_layer_bed_temperature] ; wait for bed temp\nM109 S[first_layer_temperature] ; wait for extruder temp\nG92 E0.0\nG28 ; home all axes\nG90\nG1 Z100 F9000\nG1 Z99 F1000",
    "machine_unload_filament_time": "0",
    "max_layer_height": [
        "0.3"
    ],
    "min_layer_height": [
        "0.01"
    ],
    "name": "Tractus3D T3500SE 0.4mm Nozzle",
    "nozzle_diameter": [
        "0.4"
    ],
    "nozzle_hrc": "0",
    "nozzle_type": "undefine",
    "nozzle_volume": "0",
    "parking_pos_retraction": "92",
    "print_host": "192.168.1.44",
    "print_host_webui": "",
    "printable_area": [
        "498.097x43.5779",
        "492.404x86.8241",
        "482.963x129.41",
        "469.846x171.01",
        "453.154x211.309",
        "433.013x250",
        "409.576x286.788",
        "383.022x321.394",
        "353.553x353.553",
        "321.394x383.022",
        "286.788x409.576",
        "250x433.013",
        "211.309x453.154",
        "171.01x469.846",
        "129.41x482.963",
        "86.8241x492.404",
        "43.5779x498.097",
        "3.06162e-14x500",
        "-43.5779x498.097",
        "-86.8241x492.404",
        "-129.41x482.963",
        "-171.01x469.846",
        "-211.309x453.154",
        "-250x433.013",
        "-286.788x409.576",
        "-321.394x383.022",
        "-353.553x353.553",
        "-383.022x321.394",
        "-409.576x286.788",
        "-433.013x250",
        "-453.154x211.309",
        "-469.846x171.01",
        "-482.963x129.41",
        "-492.404x86.8241",
        "-498.097x43.5779",
        "-500x6.12323e-14",
        "-498.097x-43.5779",
        "-492.404x-86.8241",
        "-482.963x-129.41",
        "-469.846x-171.01",
        "-453.154x-211.309",
        "-433.013x-250",
        "-409.576x-286.788",
        "-383.022x-321.394",
        "-353.553x-353.553",
        "-321.394x-383.022",
        "-286.788x-409.576",
        "-250x-433.013",
        "-211.309x-453.154",
        "-171.01x-469.846",
        "-129.41x-482.963",
        "-86.8241x-492.404",
        "-43.5779x-498.097",
        "-9.18485e-14x-500",
        "43.5779x-498.097",
        "86.8241x-492.404",
        "129.41x-482.963",
        "171.01x-469.846",
        "211.309x-453.154",
        "250x-433.013",
        "286.788x-409.576",
        "321.394x-383.022",
        "353.553x-353.553",
        "383.022x-321.394",
        "409.576x-286.788",
        "433.013x-250",
        "453.154x-211.309",
        "469.846x-171.01",
        "482.963x-129.41",
        "492.404x-86.8241",
        "498.097x-43.5779",
        "500x-1.22465e-13"
    ],
    "printable_height": "2000",
    "printer_model": "Generic Marlin Printer",
    "printer_notes": "",
    "printer_settings_id": "Tractus3D T3500SE 0.4mm Nozzle",
    "printer_technology": "FFF",
    "printer_variant": "0.4",
    "printhost_apikey": "tractus3d",
    "printhost_authorization_type": "key",
    "printhost_cafile": "",
    "printhost_password": "",
    "printhost_port": "",
    "printhost_ssl_ignore_revoke": "0",
    "printhost_user": "",
    "purge_in_prime_tower": "1",
    "retract_before_wipe": [
        "70%"
    ],
    "retract_length_toolchange": [
        "1"
    ],
    "retract_lift_above": [
        "0"
    ],
    "retract_lift_below": [
        "0"
    ],
    "retract_lift_enforce": [
        "All Surfaces"
    ],
    "retract_restart_extra": [
        "0"
    ],
    "retract_restart_extra_toolchange": [
        "0"
    ],
    "retract_when_changing_layer": [
        "0"
    ],
    "retraction_length": [
        "1.2"
    ],
    "retraction_minimum_travel": [
        "1"
    ],
    "retraction_speed": [
        "55"
    ],
    "scan_first_layer": "0",
    "silent_mode": "0",
    "single_extruder_multi_material": "1",
    "template_custom_gcode": "",
    "thumbnails": [
        "300x300"
    ],
    "upward_compatible_machine": [],
    "use_firmware_retraction": "0",
    "use_relative_e_distances": "1",
    "version": "1.6.0.0",
    "wipe": [
        "1"
    ],
    "wipe_distance": [
        "0.1"
    ],
    "z_hop": [
        "0"
    ],
    "z_hop_types": [
        "Normal Lift"
    ]
}
