{"btnCmdVersion":"0.10.13","btnCmdIDUpdateRun":false,"systemSettings":{"lastID":1,"lastTabID":2,"lastEventID":1,"lastPanelID":1,"lastInputID":1,"last_SBCC_Cmd_ID":1002},"globalSettings":{"enableActionMsg":true,"enableMQTT":false,"enableEvents":false,"MQTTUserName":"","MQTTPassword":"","MQTTServer":"","MQTTPort":1883,"MQTTClientID":"BtnCmd","enableSelects":true,"lastBackupFileName":"BtnCmdSettings","pluginMinimumHeight":0,"enableGC_SH_Btn":false,"defaultGC_Hidden":false,"enableSBCC":false,"enableAutoBackup":false,"ABackupFileName":""},"SBCCSettings":{"HTTP_Port":"8091","API_KEY":1234567890234,"SUBNET":"0.0.0.0"},"monitoredEvents":[{"eventID":1,"eventType":"status","eventOnlyInPrint":true,"eventTrigValue":"busy","eventTrigActionType":"http","eventTrigActionCmd":"http://","eventTrigActionTopic":"","eventEnabled":false,"eventName":"Example Event","eventTgrmChatID":"","eventTgrmAPIToken":"","eventHttpType":"GET","eventHttpData":null,"eventHttpContType":"text"}],"btns":[],"tabs":[{"tabID":1,"embedTab":false,"icon":"mdi-view-module","translated":false,"caption":"Tractus3D Cabinet","numberOfColumns":12,"showWebCam":false,"showAltWebCam":false,"tabEnableSnap":false,"tabGridSize":[1,1],"lastZIndex":5},{"tabID":2,"embedTab":true,"icon":"mdi-view-module","translated":false,"caption":"Custom Panel 1","numberOfColumns":12,"showWebCam":false,"showAltWebCam":false,"tabEnableSnap":false,"tabGridSize":[1,1],"lastZIndex":2}],"panels":[{"panelID":"b4852a27-9e12-PANELe53-8a07-da12a47d3acb","tabID":1,"panelType":"mmValue","panelYpos":0,"panelXpos":12,"panelHSize":39,"panelWSize":388,"panelZIndex":3,"panelMMPrefix":"Bay 1 weight (grams)","panelMMPath":"global.Bay1","panelMMOrientation":"H","panelMMPrefixColor":"","panelMMValueColor":"","panelMMTextSize":"body-2","panelColor":"","panelBGColor":"","panelUseDWCThemeBGColor":true,"panelHoverText":"This is hover text","borderless":false,"customPanelID":null,"altWebCamParams":{"altWebCamURL":"http://","altWebCamRotation":0,"altWebCamFlip":"none","altWebCamUpdateTimer":0,"altWebCamiFrame":false,"altWebCamAppndHTTP":false,"altWebCamClickURL":""},"MMParams":{},"inputClass":"variable","inputType":"text","inputPrefixText":"","inputSuffixText":"","inputEnableClear":false,"inputLastVal":"","inputVarName":"","inputDispType":"","inputControlVals":[],"inputControlRange":[],"inputControlSteps":1,"bPanelActivated":false},{"panelID":"ed1905e5-b863-PANELed3-9523-b0feb7733658","tabID":1,"panelType":"mmValue","panelYpos":49,"panelXpos":12,"panelHSize":39,"panelWSize":388,"panelZIndex":4,"panelMMPrefix":"Bay 2 weight (grams)","panelMMPath":"global.Bay2","panelMMOrientation":"H","panelMMPrefixColor":"","panelMMValueColor":"","panelMMTextSize":"body-2","panelColor":"","panelBGColor":"","panelUseDWCThemeBGColor":true,"panelHoverText":"This is hover text","borderless":false,"customPanelID":null,"altWebCamParams":{"altWebCamURL":"http://","altWebCamRotation":0,"altWebCamFlip":"none","altWebCamUpdateTimer":0,"altWebCamiFrame":false,"altWebCamAppndHTTP":false,"altWebCamClickURL":""},"MMParams":{},"inputClass":"variable","inputType":"text","inputPrefixText":"","inputSuffixText":"","inputEnableClear":false,"inputLastVal":"","inputVarName":"","inputDispType":"","inputControlVals":[],"inputControlRange":[],"inputControlSteps":1,"bPanelActivated":false},{"panelID":"ddac0e0d-5071-PANELec1-a7eb-4824be35acdc","tabID":1,"panelType":"mmValue","panelYpos":102,"panelXpos":12,"panelHSize":39,"panelWSize":388,"panelZIndex":5,"panelMMPrefix":"Humidity (%)","panelMMPath":"global.CabinetHumidity","panelMMOrientation":"H","panelMMPrefixColor":"","panelMMValueColor":"","panelMMTextSize":"body-2","panelColor":"","panelBGColor":"","panelUseDWCThemeBGColor":true,"panelHoverText":"This is hover text","borderless":false,"customPanelID":null,"altWebCamParams":{"altWebCamURL":"http://","altWebCamRotation":0,"altWebCamFlip":"none","altWebCamUpdateTimer":0,"altWebCamiFrame":false,"altWebCamAppndHTTP":false,"altWebCamClickURL":""},"MMParams":{},"inputClass":"variable","inputType":"text","inputPrefixText":"","inputSuffixText":"","inputEnableClear":false,"inputLastVal":"","inputVarName":"","inputDispType":"","inputControlVals":[],"inputControlRange":[],"inputControlSteps":1,"bPanelActivated":false}],"SBCC_Cmds":[{"SBCC_Cmd_ID":1001,"SBCC_Cmd_Name":"Echo Test","SBCC_Cmd_CmdText":"echo 'If you see this Msg SBCC is working'","Enable_In_Job":true,"SBCC_Cmd_Timeout":30,"SBCC_ShowResult":true}]}