{"main":{"language":"en","lastHostname":"t3500se-x13u7","darkTheme":false,"useBinaryPrefix":true,"disableAutoComplete":false,"dashboardMode":"Default","bottomNavigation":true,"numericInputs":false,"iconMenu":false,"displayUnits":"mm","decimalPlaces":1,"settingsStorageLocal":false,"settingsSaveDelay":500,"cacheStorageLocal":true,"cacheSaveDelay":1000,"notifications":{"errorsPersistent":true,"timeout":5000},"webcam":{"url":"10.0.3.44:81/0/stream","updateInterval":0,"liveUrl":"j","useFix":false,"embedded":true,"rotation":0,"flip":"none"},"enabledPlugins":["Height Map","GCodeViewer","ObjectModelBrowser","Accelerometer"],"plugins":{}},"machine":{"ajaxRetries":2,"updateInterval":250,"extendedUpdateEvery":20,"fileTransferRetryThreshold":358400,"crcUploads":true,"ignoreFileTimestamps":false,"pingInterval":2000,"updateDelay":0,"babystepAmount":0.05,"displayedExtraTemperatures":[],"displayedExtruders":[0,1,2,3,4,5],"displayedFans":[-1,0,1,2],"moveSteps":{"X":[100,50,10,1,0.1],"Y":[100,50,10,1,0.1],"Z":[500,100,10,1,0.5],"default":[100,50,10,1,0.1]},"moveFeedrate":6000,"toolChangeMacros":["free","pre","post"],"extruderAmounts":[100,50,20,10,5,1],"extruderFeedrates":[50,10,5,2,1],"temperatures":{"tool":{"active":[260,240,220,200,160,120,100,0],"standby":[200,180,160,140,0]},"bed":{"active":[110,100,90,80,70,60,0],"standby":[60,40,0]},"chamber":[90,80,70,60,50,40,0]},"spindleRPM":[10000,75000,5000,2500,1000,0],"enabledPlugins":["InputShaping","EndstopsMonitor"],"plugins":{}}}